country,continent,year,lifeExp,wavg.lifeExp
Afghanistan,Asia,1952,28.801,28.801
Afghanistan,Asia,1957,30.332,29.601840944722504
Afghanistan,Asia,1962,31.997,30.482197107471894
Afghanistan,Asia,1967,34.02,31.516341737681103
Afghanistan,Asia,1972,36.088,32.65419023254766
Afghanistan,Asia,1977,38.438,33.9305327459055
Afghanistan,Asia,1982,39.854,34.880628613980676
Afghanistan,Asia,1987,40.822,35.75548396714023
Afghanistan,Asia,1992,41.674,36.6295010637306
Afghanistan,Asia,1997,41.763,37.48919841252662
Afghanistan,Asia,2002,42.129,38.23125123980455
Afghanistan,Asia,2007,43.828,39.17119002953294
Albania,Europe,1952,55.23,55.230000000000004
Albania,Europe,1957,59.28,57.397237212063494
Albania,Europe,1962,64.82,60.25584696186315
Albania,Europe,1967,66.22,62.0843909099099
Albania,Europe,1972,67.69,63.53701451055318
Albania,Europe,1977,68.93,64.7404348461015
Albania,Europe,1982,70.42,65.86633556682219
Albania,Europe,1987,72,66.96947170485734
Albania,Europe,1992,71.581,67.72049011204736
Albania,Europe,1997,72.95,68.47201993665202
Albania,Europe,2002,75.651,69.39253407377339
Albania,Europe,2007,76.423,70.21006992118654
Algeria,Africa,1952,43.077,43.077
Algeria,Africa,1957,45.685,44.447121249708644
Algeria,Africa,1962,48.303,45.83554928261877
Algeria,Africa,1967,51.407,47.47700600681181
Algeria,Africa,1972,54.518,49.2666724890553
Algeria,Africa,1977,58.014,51.261226940377696
Algeria,Africa,1982,61.368,53.38676079556937
Algeria,Africa,1987,65.799,55.822302291183384
Algeria,Africa,1992,67.744,57.98731740365427
Algeria,Africa,1997,69.152,59.85395755872823
Algeria,Africa,2002,70.994,61.55273064046692
Algeria,Africa,2007,72.301,63.05489861791252
Angola,Africa,1952,30.015,30.015
Angola,Africa,1957,31.999,31.044144880465655
Angola,Africa,1962,34,32.09154247356597
Angola,Africa,1967,35.985,33.174431255359906
Angola,Africa,1972,37.928,34.30607818757749
Angola,Africa,1977,39.483,35.33774287044439
Angola,Africa,1982,39.942,36.18920587392109
Angola,Africa,1987,39.906,36.82801055001816
Angola,Africa,1992,40.647,37.439596041361234
Angola,Africa,1997,40.963,37.97965199994493
Angola,Africa,2002,41.003,38.41597897221897
Angola,Africa,2007,42.731,39.027003678156866
Argentina,Americas,1952,62.485,62.48500000000001
Argentina,Americas,1957,64.399,63.48625577164481
Argentina,Americas,1962,65.142,64.085876924335
Argentina,Americas,1967,65.634,64.5204254195513
Argentina,Americas,1972,67.065,65.11256392178485
Argentina,Americas,1977,68.481,65.79357008736454
Argentina,Americas,1982,69.942,66.54119159418725
Argentina,Americas,1987,70.774,67.22958489410516
Argentina,Americas,1992,71.868,67.91926237098141
Argentina,Americas,1997,73.275,68.65206951299632
Argentina,Americas,2002,74.34,69.3718014145695
Argentina,Americas,2007,75.32,70.07024282414083
Australia,Oceania,1952,69.12,69.12
Australia,Oceania,1957,70.33,69.75857576277397
Australia,Oceania,1962,70.93,70.19165894573086
Australia,Oceania,1967,71.1,70.45423013671468
Australia,Oceania,1972,71.93,70.81269892502792
Australia,Oceania,1977,73.49,71.36421294303355
Australia,Oceania,1982,74.74,71.97804229304197
Australia,Oceania,1987,76.32,72.68559809973505
Australia,Oceania,1992,77.56,73.41239915874326
Australia,Oceania,1997,78.83,74.1529815676932
Australia,Oceania,2002,80.37,74.93519490321084
Australia,Oceania,2007,81.235,75.6674893716002
Austria,Europe,1952,66.8,66.8
Austria,Europe,1957,67.48,67.14093207593234
Austria,Europe,1962,69.54,67.9545469012385
Austria,Europe,1967,70.14,68.52221601074967
Austria,Europe,1972,70.63,68.96460524452912
Austria,Europe,1977,72.17,69.52213371046092
Austria,Europe,1982,73.18,70.06447366587263
Austria,Europe,1987,74.94,70.6943229384822
Austria,Europe,1992,76.04,71.32979673110938
Austria,Europe,1997,77.51,71.99788087393198
Austria,Europe,2002,78.98,72.68498985770474
Austria,Europe,2007,79.829,73.32872175485072
Bahrain,Asia,1952,50.939,50.939
Bahrain,Asia,1957,53.832,52.48715059320268
Bahrain,Asia,1962,56.923,54.256107205921595
Bahrain,Asia,1967,59.923,56.065708639541846
Bahrain,Asia,1972,63.3,57.99832076273197
Bahrain,Asia,1977,65.593,59.943229651175315
Bahrain,Asia,1982,69.052,62.17980531843849
Bahrain,Asia,1987,70.75,64.13378646155142
Bahrain,Asia,1992,72.601,65.91046292720178
Bahrain,Asia,1997,73.925,67.44704452995975
Bahrain,Asia,2002,74.795,68.72356238789854
Bahrain,Asia,2007,75.635,69.8150052057541
Bangladesh,Asia,1952,37.484,37.484
Bangladesh,Asia,1957,39.348,38.4584831015758
Bangladesh,Asia,1962,41.216,39.469081249653115
Bangladesh,Asia,1967,43.453,40.617597893182385
Bangladesh,Asia,1972,45.252,41.753579639660884
Bangladesh,Asia,1977,46.923,42.88001280785667
Bangladesh,Asia,1982,50.009,44.31567142290818
Bangladesh,Asia,1987,52.819,45.874744520165784
Bangladesh,Asia,1992,56.018,47.57171240205026
Bangladesh,Asia,1997,59.412,49.39009585231133
Bangladesh,Asia,2002,62.013,51.214464836308714
Bangladesh,Asia,2007,64.062,52.989281564396144
Belgium,Europe,1952,68,68
Belgium,Europe,1957,69.24,68.62905203731297
Belgium,Europe,1962,70.25,69.18375518135849
Belgium,Europe,1967,70.94,69.64364892535887
Belgium,Europe,1972,71.44,70.02112998586514
Belgium,Europe,1977,72.8,70.50829377990478
Belgium,Europe,1982,73.93,71.02020246997877
Belgium,Europe,1987,75.35,71.58436011193342
Belgium,Europe,1992,76.46,72.15522603465527
Belgium,Europe,1997,77.53,72.72630033296377
Belgium,Europe,2002,78.32,73.26888803224722
Belgium,Europe,2007,79.441,73.81851270920224
Benin,Africa,1952,38.223,38.223
Benin,Africa,1957,40.358,39.34494836041499
Benin,Africa,1962,42.618,40.55609188405992
Benin,Africa,1967,44.885,41.830878565769034
Benin,Africa,1972,47.014,43.13154618913782
Benin,Africa,1977,49.19,44.48592593211689
Benin,Africa,1982,50.904,45.797932536577704
Benin,Africa,1987,52.337,47.05601079813918
Benin,Africa,1992,53.919,48.32042817670905
Benin,Africa,1997,54.777,49.503495708224975
Benin,Africa,2002,54.406,50.361809596895185
Benin,Africa,2007,56.728,51.42856188335357
Bolivia,Americas,1952,40.414,40.414
Bolivia,Americas,1957,41.89,41.19176604862993
Bolivia,Americas,1962,43.428,42.021249535580196
Bolivia,Americas,1967,45.032,42.90732066123238
Bolivia,Americas,1972,46.714,43.85732492489413
Bolivia,Americas,1977,50.023,45.19719992800925
Bolivia,Americas,1982,53.859,46.88142165038083
Bolivia,Americas,1987,57.251,48.696378232848595
Bolivia,Americas,1992,59.957,50.54162628607116
Bolivia,Americas,1997,62.05,52.32087209032007
Bolivia,Americas,2002,63.883,53.998438102835145
Bolivia,Americas,2007,65.554,55.56364165587147
Bosnia and Herzegovina,Europe,1952,53.82,53.82
Bosnia and Herzegovina,Europe,1957,58.45,56.247455258223965
Bosnia and Herzegovina,Europe,1962,61.93,58.31243381076389
Bosnia and Herzegovina,Europe,1967,64.79,60.126516678384505
Bosnia and Herzegovina,Europe,1972,67.45,61.80933152827918
Bosnia and Herzegovina,Europe,1977,69.86,63.398002994301166
Bosnia and Herzegovina,Europe,1982,70.69,64.62102804878054
Bosnia and Herzegovina,Europe,1987,71.14,65.58912952162167
Bosnia and Herzegovina,Europe,1992,72.178,66.426871768607
Bosnia and Herzegovina,Europe,1997,73.244,67.09000360818597
Bosnia and Herzegovina,Europe,2002,74.09,67.79692857023885
Bosnia and Herzegovina,Europe,2007,74.852,68.49817914408477
Botswana,Africa,1952,47.622,47.622
Botswana,Africa,1957,49.618,48.65518888005523
Botswana,Africa,1962,51.52,49.68264968094951
Botswana,Africa,1967,53.298,50.69172196775801
Botswana,Africa,1972,56.024,51.96066376623711
Botswana,Africa,1977,59.319,53.65989730369452
Botswana,Africa,1982,61.484,55.40343400708522
Botswana,Africa,1987,63.622,57.121879110855375
Botswana,Africa,1992,62.745,58.2243087684099
Botswana,Africa,1997,52.556,57.185571268859825
Botswana,Africa,2002,46.634,55.46789322166731
Botswana,Africa,2007,50.728,54.80124229323008
Brazil,Americas,1952,50.917,50.917
Brazil,Americas,1957,53.285,52.18773624077843
Brazil,Americas,1962,55.665,53.52183408325761
Brazil,Americas,1967,57.632,54.78614256336393
Brazil,Americas,1972,59.504,56.0152045864649
Brazil,Americas,1977,61.489,57.263180221224836
Brazil,Americas,1982,63.336,58.50559538219478
Brazil,Americas,1987,65.205,59.74392788278477
Brazil,Americas,1992,67.057,60.971406126670445
Brazil,Americas,1997,69.388,62.26359284978514
Brazil,Americas,2002,71.006,63.49458632632781
Brazil,Americas,2007,72.39,64.64616422892438
Bulgaria,Europe,1952,59.6,59.6
Bulgaria,Europe,1957,66.61,63.19337646790996
Bulgaria,Europe,1962,69.51,65.39986073559992
Bulgaria,Europe,1967,70.42,66.73488126815919
Bulgaria,Europe,1972,70.9,67.6318158439389
Bulgaria,Europe,1977,70.81,68.20682799552175
Bulgaria,Europe,1982,71.08,68.65103705897799
Bulgaria,Europe,1987,71.34,69.01389605791867
Bulgaria,Europe,1992,71.19,69.26463504864122
Bulgaria,Europe,1997,70.32,69.36693662858977
Bulgaria,Europe,2002,72.14,69.60074273288274
Bulgaria,Europe,2007,73.005,69.85461190518652
Burkina Faso,Africa,1952,31.975,31.975
Burkina Faso,Africa,1957,34.906,33.47934804296233
Burkina Faso,Africa,1962,37.814,34.99142715028483
Burkina Faso,Africa,1967,40.697,36.512817848841884
Burkina Faso,Africa,1972,43.591,38.07220450699717
Burkina Faso,Africa,1977,46.137,39.62674904562096
Burkina Faso,Africa,1982,48.122,41.14231899159047
Burkina Faso,Africa,1987,49.557,42.568060931777325
Burkina Faso,Africa,1992,50.26,43.84087430310715
Burkina Faso,Africa,1997,50.324,44.88949525622429
Burkina Faso,Africa,2002,50.65,45.81494855811968
Burkina Faso,Africa,2007,52.295,46.83979182240173
Burundi,Africa,1952,39.031,39.031
Burundi,Africa,1957,40.533,39.81459191619389
Burundi,Africa,1962,42.045,40.63270181538172
Burundi,Africa,1967,43.548,41.48407759388885
Burundi,Africa,1972,44.057,42.092162647982
Burundi,Africa,1977,45.91,42.87206841310789
Burundi,Africa,1982,47.471,43.77417664617576
Burundi,Africa,1987,48.211,44.57283386376965
Burundi,Africa,1992,44.736,44.60047977272543
Burundi,Africa,1997,45.326,44.71039323006048
Burundi,Africa,2002,47.36,45.10262532874807
Burundi,Africa,2007,49.58,45.775644061803
Cambodia,Asia,1952,39.417,39.417
Cambodia,Asia,1957,41.366,40.45266667292309
Cambodia,Asia,1962,43.415,41.57202800132
Cambodia,Asia,1967,45.415,42.73192719107645
Cambodia,Asia,1972,40.317,42.14220973951927
Cambodia,Asia,1977,31.22,40.109046455451214
Cambodia,Asia,1982,50.957,41.871523768303454
Cambodia,Asia,1987,53.914,43.768952037758744
Cambodia,Asia,1992,55.803,45.69909885117072
Cambodia,Asia,1997,56.534,47.39981825778103
Cambodia,Asia,2002,56.752,48.77370580891888
Cambodia,Asia,2007,59.723,50.2888452572925
Cameroon,Africa,1952,38.523,38.523
Cameroon,Africa,1957,40.428,39.507729787086305
Cameroon,Africa,1962,42.643,40.63159470489413
Cameroon,Africa,1967,44.799,41.80514212528517
Cameroon,Africa,1972,47.049,43.052375336124946
Cameroon,Africa,1977,49.355,44.39093858545722
Cameroon,Africa,1982,52.961,46.08750265993775
Cameroon,Africa,1987,54.985,47.75538804780412
Cameroon,Africa,1992,54.314,48.92386525192722
Cameroon,Africa,1997,52.199,49.476214712658965
Cameroon,Africa,2002,49.856,49.53665191810299
Cameroon,Africa,2007,50.43,49.67085377547518
Canada,Americas,1952,68.75,68.75
Canada,Americas,1957,69.96,69.39732846710461
Canada,Americas,1962,71.3,70.10868540874864
Canada,Americas,1967,72.13,70.69642986430117
Canada,Americas,1972,72.88,71.2147163432097
Canada,Americas,1977,74.21,71.82038937875885
Canada,Americas,1982,75.76,72.51525770485368
Canada,Americas,1987,76.86,73.19606382352609
Canada,Americas,1992,77.95,73.88105432237639
Canada,Americas,1997,78.61,74.50890272671592
Canada,Americas,2002,79.77,75.15403421600146
Canada,Americas,2007,80.653,75.77950767955691
Central African Republic,Africa,1952,35.463,35.463
Central African Republic,Africa,1957,37.464,36.50099630474009
Central African Republic,Africa,1962,39.475,37.57785322844654
Central African Republic,Africa,1967,41.478,38.715933439037755
Central African Republic,Africa,1972,43.457,39.87720132035223
Central African Republic,Africa,1977,46.775,41.36697544552111
Central African Republic,Africa,1982,48.295,42.73840590028227
Central African Republic,Africa,1987,50.485,44.171388777653796
Central African Republic,Africa,1992,49.396,45.087653189667286
Central African Republic,Africa,1997,46.066,45.24972139162397
Central African Republic,Africa,2002,43.308,44.9515665099214
Central African Republic,Africa,2007,44.741,44.92163073044528
Chad,Africa,1952,38.092,38.092
Chad,Africa,1957,39.881,39.020563966330045
Chad,Africa,1962,41.716,39.99352527597656
Chad,Africa,1967,43.601,41.025259657283826
Chad,Africa,1972,45.569,42.12410022062587
Chad,Africa,1977,47.383,43.249222687462435
Chad,Africa,1982,49.517,44.45287734196135
Chad,Africa,1987,51.051,45.627643725476446
Chad,Africa,1992,51.724,46.67806639525489
Chad,Africa,1997,51.573,47.502897142270136
Chad,Africa,2002,50.525,48.00003704306366
Chad,Africa,2007,50.651,48.42446615009261
Chile,Americas,1952,54.745,54.745
Chile,Americas,1957,56.074,55.44270048841635
Chile,Americas,1962,57.924,56.36634502587821
Chile,Americas,1967,60.523,57.58380079260176
Chile,Americas,1972,63.441,59.00802888015848
Chile,Americas,1977,67.052,60.69431209932583
Chile,Americas,1982,70.565,62.521621171917
Chile,Americas,1987,72.492,64.18928591752847
Chile,Americas,1992,74.126,65.7203969667688
Chile,Americas,1997,75.816,67.15578028339287
Chile,Americas,2002,77.86,68.5593868399133
Chile,Americas,2007,78.553,69.76965656904078
China,Asia,1952,44,44
China,Asia,1957,50.54896,47.49707553649305
China,Asia,1962,44.50136,46.42446448431933
China,Asia,1967,58.38112,49.87585073640524
China,Asia,1972,63.11888,53.16003307745913
China,Asia,1977,63.96736,55.467144917382655
China,Asia,1982,65.525,57.323442231381584
China,Asia,1987,67.274,58.981974979147424
China,Asia,1992,68.69,60.456731547593016
China,Asia,1997,70.426,61.83477085378187
China,Asia,2002,72.028,63.11693079593858
China,Asia,2007,72.961,64.24593560305847
Colombia,Americas,1952,50.643,50.643
Colombia,Americas,1957,55.118,53.058522925006905
Colombia,Americas,1962,57.863,54.922373513241574
Colombia,Americas,1967,59.963,56.48851121599463
Colombia,Americas,1972,61.623,57.831998447435126
Colombia,Americas,1977,63.837,59.186557745768646
Colombia,Americas,1982,66.653,60.67781162007721
Colombia,Americas,1987,67.768,61.96941284774358
Colombia,Americas,1992,68.421,63.050137113754985
Colombia,Americas,1997,70.313,64.18107730549787
Colombia,Americas,2002,71.682,65.26859463519051
Colombia,Americas,2007,72.889,66.29904245067836
Comoros,Africa,1952,40.715,40.715
Comoros,Africa,1957,42.46,41.63313608156029
Comoros,Africa,1962,44.467,42.684762034099116
Comoros,Africa,1967,46.472,43.806478128052916
Comoros,Africa,1972,48.944,45.111939520792554
Comoros,Africa,1977,50.939,46.4898682219327
Comoros,Africa,1982,52.933,47.86182077454897
Comoros,Africa,1987,54.926,49.235114394224915
Comoros,Africa,1992,57.939,50.82557845383156
Comoros,Africa,1997,60.66,52.54784381456549
Comoros,Africa,2002,62.974,54.31284980327875
Comoros,Africa,2007,65.152,56.08838774970871
"Congo, Dem. Rep.",Africa,1952,39.143,39.143
"Congo, Dem. Rep.",Africa,1957,40.652,39.93507322894446
"Congo, Dem. Rep.",Africa,1962,42.122,40.74588761773162
"Congo, Dem. Rep.",Africa,1967,44.056,41.729521563332476
"Congo, Dem. Rep.",Africa,1972,45.989,42.81705107730547
"Congo, Dem. Rep.",Africa,1977,47.804,43.94968882344469
"Congo, Dem. Rep.",Africa,1982,47.784,44.74775875568674
"Congo, Dem. Rep.",Africa,1987,47.412,45.265110789874086
"Congo, Dem. Rep.",Africa,1992,45.548,45.31764599867271
"Congo, Dem. Rep.",Africa,1997,42.587,44.83812599256502
"Congo, Dem. Rep.",Africa,2002,44.966,44.85974450617289
"Congo, Dem. Rep.",Africa,2007,46.462,45.123696188327756
"Congo, Rep.",Africa,1952,42.111,42.111
"Congo, Rep.",Africa,1957,45.053,43.65211355657387
"Congo, Rep.",Africa,1962,48.435,45.4149101892295
"Congo, Rep.",Africa,1967,52.04,47.35772985093066
"Congo, Rep.",Africa,1972,54.907,49.24446572610905
"Congo, Rep.",Africa,1977,55.625,50.66548693424909
"Congo, Rep.",Africa,1982,56.695,51.89900871401681
"Congo, Rep.",Africa,1987,57.47,52.96977557443447
"Congo, Rep.",Africa,1992,56.433,53.604325379138686
"Congo, Rep.",Africa,1997,52.962,53.49152159130694
"Congo, Rep.",Africa,2002,52.97,53.40146828904955
"Congo, Rep.",Africa,2007,55.322,53.71774487459307
Costa Rica,Americas,1952,57.206,57.206
Costa Rica,Americas,1957,60.026,58.74463428000453
Costa Rica,Americas,1962,62.842,60.37348840417471
Costa Rica,Americas,1967,65.424,61.987123345281
Costa Rica,Americas,1972,67.849,63.56709205227258
Costa Rica,Americas,1977,70.75,65.26575024423006
Costa Rica,Americas,1982,73.45,67.01543087233219
Costa Rica,Americas,1987,74.752,68.54732654962336
Costa Rica,Americas,1992,75.713,69.86067542046608
Costa Rica,Americas,1997,77.26,71.11031643372765
Costa Rica,Americas,2002,78.123,72.20060066182039
Costa Rica,Americas,2007,78.782,73.14527613289304
Cote d'Ivoire,Africa,1952,40.477,40.477
Cote d'Ivoire,Africa,1957,42.469,41.52424870197143
Cote d'Ivoire,Africa,1962,44.93,42.81534349108016
Cote d'Ivoire,Africa,1967,47.35,44.26383719155474
Cote d'Ivoire,Africa,1972,49.801,45.87045004263358
Cote d'Ivoire,Africa,1977,52.374,47.57954791514293
Cote d'Ivoire,Africa,1982,53.983,49.12445300957849
Cote d'Ivoire,Africa,1987,54.655,50.35990092790477
Cote d'Ivoire,Africa,1992,52.044,50.71284607922932
Cote d'Ivoire,Africa,1997,47.991,50.18606283380864
Cote d'Ivoire,Africa,2002,46.832,49.59239755432967
Cote d'Ivoire,Africa,2007,48.328,49.38503532508998
Croatia,Europe,1952,61.21,61.21
Croatia,Europe,1957,64.77,63.014645183807744
Croatia,Europe,1962,67.13,64.41853130720698
Croatia,Europe,1967,68.5,65.47516290162594
Croatia,Europe,1972,69.61,66.33369964201937
Croatia,Europe,1977,70.64,67.08760019599183
Croatia,Europe,1982,70.46,67.59938658907848
Croatia,Europe,1987,71.52,68.12316711451494
Croatia,Europe,1992,72.527,68.64315783647575
Croatia,Europe,1997,73.68,69.16984648463158
Croatia,Europe,2002,74.876,69.71404178824005
Croatia,Europe,2007,75.748,70.24071207075818
Cuba,Americas,1952,59.421,59.421
Cuba,Americas,1957,62.325,60.945660560511726
Cuba,Americas,1962,65.246,62.51308198338917
Cuba,Americas,1967,68.29,64.18984640018596
Cuba,Americas,1972,70.723,65.75455800545333
Cuba,Americas,1977,72.649,67.17142618451555
Cuba,Americas,1982,73.717,68.31155359064728
Cuba,Americas,1987,74.174,69.21507432181619
Cuba,Americas,1992,74.414,69.93755494261936
Cuba,Americas,1997,76.151,70.71174320194058
Cuba,Americas,2002,77.158,71.44002401599961
Cuba,Americas,2007,78.273,72.14416121278943
Czech Republic,Europe,1952,66.87,66.87
Czech Republic,Europe,1957,69.03,67.97251528131346
Czech Republic,Europe,1962,69.9,68.62868854355975
Czech Republic,Europe,1967,70.38,69.08083819844906
Czech Republic,Europe,1972,70.29,69.32949994859925
Czech Republic,Europe,1977,70.71,69.57087828958831
Czech Republic,Europe,1982,70.96,69.78006650569627
Czech Republic,Europe,1987,71.58,70.01580021826992
Czech Republic,Europe,1992,72.4,70.29199177315137
Czech Republic,Europe,1997,74.01,70.67747812481144
Czech Republic,Europe,2002,75.51,71.12967585618397
Czech Republic,Europe,2007,76.486,71.58687448796536
Denmark,Europe,1952,70.78,70.78
Denmark,Europe,1957,71.81,71.30398033129404
Denmark,Europe,1962,72.35,71.66487165159596
Denmark,Europe,1967,72.96,72.00718255056799
Denmark,Europe,1972,73.47,72.32057601130617
Denmark,Europe,1977,74.69,72.74529121803242
Denmark,Europe,1982,74.63,73.03317300443466
Denmark,Europe,1987,74.8,73.26765414809168
Denmark,Europe,1992,75.33,73.5111309176753
Denmark,Europe,1997,76.11,73.79086744112826
Denmark,Europe,2002,77.18,74.12533007983089
Denmark,Europe,2007,78.332,74.50915255164637
Djibouti,Africa,1952,34.812,34.812
Djibouti,Africa,1957,37.328,36.15108974814815
Djibouti,Africa,1962,39.693,37.566890012361156
Djibouti,Africa,1967,42.074,39.19854782917039
Djibouti,Africa,1972,44.366,40.93782678884303
Djibouti,Africa,1977,46.519,42.61714929538179
Djibouti,Africa,1982,48.812,44.39527613578375
Djibouti,Africa,1987,50.04,45.67019056651318
Djibouti,Africa,1992,51.604,46.96446206484222
Djibouti,Africa,1997,53.157,48.15204739949805
Djibouti,Africa,2002,53.373,49.041402279717936
Djibouti,Africa,2007,54.791,49.95527276686263
Dominican Republic,Americas,1952,45.928,45.928
Dominican Republic,Americas,1957,49.828,48.03352369069017
Dominican Republic,Americas,1962,53.459,50.14635591769297
Dominican Republic,Americas,1967,56.751,52.21672336262161
Dominican Republic,Americas,1972,59.631,54.18588739883199
Dominican Republic,Americas,1977,61.788,55.946931402583196
Dominican Republic,Americas,1982,63.727,57.555899673903895
Dominican Republic,Americas,1987,66.046,59.1468983790375
Dominican Republic,Americas,1992,68.457,60.7435048637771
Dominican Republic,Americas,1997,69.957,62.19139756486757
Dominican Republic,Americas,2002,70.847,63.4495949214323
Dominican Republic,Americas,2007,72.235,64.63917206293237
Ecuador,Americas,1952,48.357,48.357
Ecuador,Americas,1957,51.356,49.95695738410425
Ecuador,Americas,1962,54.64,51.74106593101305
Ecuador,Americas,1967,56.678,53.2544744303018
Ecuador,Americas,1972,58.796,54.70760731213926
Ecuador,Americas,1977,61.31,56.24306404373001
Ecuador,Americas,1982,64.342,57.95124771065591
Ecuador,Americas,1987,67.231,59.751228864867834
Ecuador,Americas,1992,69.613,61.519097528581085
Ecuador,Americas,1997,72.312,63.307925804668415
Ecuador,Americas,2002,74.173,64.96364123528986
Ecuador,Americas,2007,74.994,66.3637296810014
Egypt,Africa,1952,41.893,41.893
Egypt,Africa,1957,44.444,43.2437459139522
Egypt,Africa,1962,46.992,44.64416786744736
Egypt,Africa,1967,49.293,46.019496081584535
Egypt,Africa,1972,51.137,47.27484079478676
Egypt,Africa,1977,53.319,48.57225813171236
Egypt,Africa,1982,56.006,50.07246061413292
Egypt,Africa,1987,59.797,51.911718064100945
Egypt,Africa,1992,63.674,53.97546299409923
Egypt,Africa,1997,67.217,56.1393570100014
Egypt,Africa,2002,69.806,58.23542026141329
Egypt,Africa,2007,71.338,60.11921551329598
El Salvador,Americas,1952,45.262,45.262
El Salvador,Americas,1957,48.57,47.03367256011476
El Salvador,Americas,1962,52.307,49.0612025664265
El Salvador,Americas,1967,55.855,51.17732648745327
El Salvador,Americas,1972,58.207,53.05795166252922
El Salvador,Americas,1977,56.696,53.902283020064246
El Salvador,Americas,1982,56.604,54.42958706022415
El Salvador,Americas,1987,63.154,55.95085257671632
El Salvador,Americas,1992,66.798,57.682303025506
El Salvador,Americas,1997,69.535,59.44776807781244
El Salvador,Americas,2002,70.734,61.03489874696583
El Salvador,Americas,2007,71.878,62.47860302870053
Equatorial Guinea,Africa,1952,34.482,34.482
Equatorial Guinea,Africa,1957,35.983,35.259121141800364
Equatorial Guinea,Africa,1962,37.485,36.0526110117779
Equatorial Guinea,Africa,1967,38.987,36.84777880642773
Equatorial Guinea,Africa,1972,40.516,37.671271805222986
Equatorial Guinea,Africa,1977,42.024,38.258057237092515
Equatorial Guinea,Africa,1982,43.662,39.15775158669202
Equatorial Guinea,Africa,1987,45.664,40.23763739928744
Equatorial Guinea,Africa,1992,47.545,41.3973304266734
Equatorial Guinea,Africa,1997,48.245,42.44206055550624
Equatorial Guinea,Africa,2002,49.348,43.45489091235129
Equatorial Guinea,Africa,2007,51.579,44.59415804256436
Eritrea,Africa,1952,35.928,35.928
Eritrea,Africa,1957,38.047,37.02440588474228
Eritrea,Africa,1962,40.158,38.14801103036173
Eritrea,Africa,1967,42.189,39.28523099580292
Eritrea,Africa,1972,44.142,40.542859735383935
Eritrea,Africa,1977,44.535,41.43519111598764
Eritrea,Africa,1982,43.89,41.90167458994293
Eritrea,Africa,1987,46.453,42.69190727601766
Eritrea,Africa,1992,49.991,44.000439858596316
Eritrea,Africa,1997,53.378,45.552452198616116
Eritrea,Africa,2002,55.24,47.03051380343742
Eritrea,Africa,2007,58.04,48.626696621465456
Ethiopia,Africa,1952,34.078,34.078
Ethiopia,Africa,1957,36.667,35.430433236687286
Ethiopia,Africa,1962,40.059,37.121566254371224
Ethiopia,Africa,1967,42.115,38.560492061487956
Ethiopia,Africa,1972,43.515,39.756639155619865
Ethiopia,Africa,1977,44.51,40.77194420430085
Ethiopia,Africa,1982,44.916,41.56091186473963
Ethiopia,Africa,1987,46.684,42.466779367007504
Ethiopia,Africa,1992,48.091,43.45894690908911
Ethiopia,Africa,1997,49.402,44.46071343461999
Ethiopia,Africa,2002,50.725,45.46676401527558
Ethiopia,Africa,2007,52.947,46.61235682665729
Finland,Europe,1952,66.55,66.55
Finland,Europe,1957,67.49,67.03304236734209
Finland,Europe,1962,68.75,67.63056688302436
Finland,Europe,1967,69.83,68.20903918451717
Finland,Europe,1972,70.87,68.76638439455412
Finland,Europe,1977,72.52,69.42788881143
Finland,Europe,1982,74.55,70.20740604169117
Finland,Europe,1987,74.83,70.82945406231475
Finland,Europe,1992,75.7,71.41838769715875
Finland,Europe,1997,77.13,72.04468009840947
Finland,Europe,2002,78.37,72.6761541434065
Finland,Europe,2007,79.313,73.28337332418003
France,Europe,1952,67.41,67.41
France,Europe,1957,68.93,68.18621413353128
France,Europe,1962,70.51,69.00406744816239
France,Europe,1967,71.55,69.69193893227717
France,Europe,1972,72.38,70.28318645792291
France,Europe,1977,73.83,70.9371122810215
France,Europe,1982,74.89,71.56480617015495
France,Europe,1987,76.34,72.23154403632707
France,Europe,1992,77.46,72.88968231184614
France,Europe,1997,78.64,73.54498759091327
France,Europe,2002,79.59,74.17569981020318
France,Europe,2007,80.657,74.79874674750879
Gabon,Africa,1952,37.003,37.003
Gabon,Africa,1957,38.999,38.017565564056355
Gabon,Africa,1962,40.489,38.876380959026655
Gabon,Africa,1967,44.598,40.43053286033047
Gabon,Africa,1972,48.69,42.33084598083693
Gabon,Africa,1977,52.79,44.75742577731503
Gabon,Africa,1982,56.564,47.10063891694829
Gabon,Africa,1987,60.19,49.56358292315735
Gabon,Africa,1992,61.366,51.617399867246284
Gabon,Africa,1997,60.461,53.08402304230391
Gabon,Africa,2002,56.761,53.67455965364164
Gabon,Africa,2007,56.735,54.14103850776088
Gambia,Africa,1952,30,30
Gambia,Africa,1957,32.065,31.09849827975044
Gambia,Africa,1962,33.896,32.164552537468545
Gambia,Africa,1967,35.857,33.306761723980934
Gambia,Africa,1972,38.308,34.64107534630355
Gambia,Africa,1977,41.842,36.361164679331054
Gambia,Africa,1982,45.58,38.383337311590715
Gambia,Africa,1987,49.265,40.62937105849158
Gambia,Africa,1992,52.644,43.02815563875414
Gambia,Africa,1997,55.861,45.517100313927344
Gambia,Africa,2002,58.041,47.848969807022435
Gambia,Africa,2007,59.448,49.90654707337295
Germany,Europe,1952,67.5,67.5
Germany,Europe,1957,69.1,68.31069092409297
Germany,Europe,1962,70.3,68.99646491644776
Germany,Europe,1967,70.8,69.47096091962743
Germany,Europe,1972,71,69.79715298053092
Germany,Europe,1977,72.5,70.26960383325297
Germany,Europe,1982,73.8,70.79588744731592
Germany,Europe,1987,74.847,71.31784281274744
Germany,Europe,1992,76.07,71.87796601609607
Germany,Europe,1997,77.34,72.46289648054
Germany,Europe,2002,78.67,73.06556227001339
Germany,Europe,2007,79.406,73.62700467706634
Ghana,Africa,1952,43.149,43.149
Ghana,Africa,1957,44.779,44.01915936885587
Ghana,Africa,1962,46.452,44.94499622983518
Ghana,Africa,1967,48.072,45.89938427561539
Ghana,Africa,1972,49.875,46.89982860515223
Ghana,Africa,1977,51.756,47.97245123080477
Ghana,Africa,1982,53.744,49.08558389362625
Ghana,Africa,1987,55.729,50.37006319190749
Ghana,Africa,1992,57.501,51.66624853227783
Ghana,Africa,1997,58.556,52.84149209584981
Ghana,Africa,2002,58.453,53.73874666740851
Ghana,Africa,2007,60.022,54.688016388103804
Greece,Europe,1952,65.86,65.86
Greece,Europe,1957,67.86,66.88292989252703
Greece,Europe,1962,69.51,67.79710625441841
Greece,Europe,1967,71,68.64325143869478
Greece,Europe,1972,72.34,69.42779894524645
Greece,Europe,1977,73.68,70.201007745484
Greece,Europe,1982,75.24,71.00972918735626
Greece,Europe,1987,76.67,71.80545221637114
Greece,Europe,1992,77.03,72.46917340570683
Greece,Europe,1997,77.869,73.0870746398617
Greece,Europe,2002,78.256,73.6224184339248
Greece,Europe,2007,79.483,74.17724193583115
Guatemala,Americas,1952,42.023,42.023
Guatemala,Americas,1957,44.142,43.159691338489175
Guatemala,Americas,1962,46.954,44.6119957536821
Guatemala,Americas,1967,50.016,46.22792857671962
Guatemala,Americas,1972,53.738,48.083987830807615
Guatemala,Americas,1977,56.029,49.79137265379194
Guatemala,Americas,1982,58.137,51.41197952560592
Guatemala,Americas,1987,60.782,53.117028580593555
Guatemala,Americas,1992,63.373,54.90254445787929
Guatemala,Americas,1997,66.322,56.814579289628355
Guatemala,Americas,2002,68.978,58.76449862832974
Guatemala,Americas,2007,70.259,60.52041506493151
Guinea,Africa,1952,33.609,33.609
Guinea,Africa,1957,34.558,34.101695414435184
Guinea,Africa,1962,35.753,34.69899002255276
Guinea,Africa,1967,37.197,35.40962266266284
Guinea,Africa,1972,38.842,36.23013799221929
Guinea,Africa,1977,40.762,37.17984201922689
Guinea,Africa,1982,42.891,38.261071136981315
Guinea,Africa,1987,45.552,39.610351930533014
Guinea,Africa,1992,48.576,41.28069970245835
Guinea,Africa,1997,51.455,43.07770431699773
Guinea,Africa,2002,53.676,44.79432678358038
Guinea,Africa,2007,56.007,46.52831511387947
Guinea-Bissau,Africa,1952,32.5,32.5
Guinea-Bissau,Africa,1957,33.489,33.003053912509266
Guinea-Bissau,Africa,1962,34.488,33.518248065284084
Guinea-Bissau,Africa,1967,35.492,34.010517977646934
Guinea-Bissau,Africa,1972,36.486,34.520386153356675
Guinea-Bissau,Africa,1977,37.465,35.10069586776903
Guinea-Bissau,Africa,1982,39.327,35.8583571916758
Guinea-Bissau,Africa,1987,41.245,36.76102767122768
Guinea-Bissau,Africa,1992,43.266,37.79905282730831
Guinea-Bissau,Africa,1997,44.873,38.884484757765854
Guinea-Bissau,Africa,2002,45.504,39.85245826322478
Guinea-Bissau,Africa,2007,46.388,40.76142402174734
Haiti,Americas,1952,37.579,37.579
Haiti,Americas,1957,40.696,39.20863124410417
Haiti,Americas,1962,43.59,40.81404896273311
Haiti,Americas,1967,46.243,42.38661468724107
Haiti,Americas,1972,48.042,43.74186470234228
Haiti,Americas,1977,49.923,44.97952691482947
Haiti,Americas,1982,51.461,46.11349561726278
Haiti,Americas,1987,53.636,47.33431290860253
Haiti,Americas,1992,55.089,48.50815525339453
Haiti,Americas,1997,56.671,49.66675083696817
Haiti,Americas,2002,58.137,50.81096907758825
Haiti,Americas,2007,60.916,52.136512459062345
Honduras,Americas,1952,41.912,41.912
Honduras,Americas,1957,44.665,43.39439550063674
Honduras,Americas,1962,48.041,45.20029864754681
Honduras,Americas,1967,50.924,47.01699529947476
Honduras,Americas,1972,53.884,48.894713111591464
Honduras,Americas,1977,57.402,50.764748394983116
Honduras,Americas,1982,60.909,52.88352660778598
Honduras,Americas,1987,64.492,55.19678653322593
Honduras,Americas,1992,66.399,57.30195239530961
Honduras,Americas,1997,67.659,59.14999273314535
Honduras,Americas,2002,68.565,60.7390158803507
Honduras,Americas,2007,70.198,62.24365195302811
"Hong Kong, China",Asia,1952,60.96,60.96
"Hong Kong, China",Asia,1957,64.75,63.092898070832135
"Hong Kong, China",Asia,1962,67.65,64.93707532384848
"Hong Kong, China",Asia,1967,70,66.52226783401457
"Hong Kong, China",Asia,1972,72,67.93079233282727
"Hong Kong, China",Asia,1977,73.6,69.19288325173873
"Hong Kong, China",Asia,1982,75.45,70.46697869970333
"Hong Kong, China",Asia,1987,76.2,71.4853479845324
"Hong Kong, China",Asia,1992,77.601,72.44198905354057
"Hong Kong, China",Asia,1997,80,73.56382362214397
"Hong Kong, China",Asia,2002,81.495,74.62532951718596
"Hong Kong, China",Asia,2007,82.208,75.54574026621265
Hungary,Europe,1952,64.03,64.03
Hungary,Europe,1957,66.41,65.2406095228248
Hungary,Europe,1962,67.96,66.17120961708495
Hungary,Europe,1967,69.5,67.02995615227495
Hungary,Europe,1972,69.76,67.59721587646193
Hungary,Europe,1977,69.95,68.00978898638861
Hungary,Europe,1982,69.39,68.21683228391292
Hungary,Europe,1987,69.58,68.39330371906772
Hungary,Europe,1992,69.17,68.48036090058099
Hungary,Europe,1997,71.04,68.73601166423767
Hungary,Europe,2002,72.59,69.0809652829632
Hungary,Europe,2007,73.338,69.42663768462056
Iceland,Europe,1952,72.49,72.49
Iceland,Europe,1957,73.47,73.00683893800786
Iceland,Europe,1962,73.68,73.25435419338551
Iceland,Europe,1967,73.73,73.39055954084817
Iceland,Europe,1972,74.46,73.63838713463761
Iceland,Europe,1977,76.11,74.12577362945473
Iceland,Europe,1982,76.99,74.61898310098786
Iceland,Europe,1987,77.23,75.01737691852938
Iceland,Europe,1992,78.77,75.5392188379155
Iceland,Europe,1997,78.95,75.97271165295702
Iceland,Europe,2002,80.5,76.51115067846062
Iceland,Europe,2007,81.757,77.09266223097164
India,Asia,1952,37.373,37.373
India,Asia,1957,40.249,38.87912548015365
India,Asia,1962,43.605,40.61641052631579
India,Asia,1967,47.193,42.52781447443998
India,Asia,1972,50.651,44.523415077989604
India,Asia,1977,54.208,46.610439836845686
India,Asia,1982,56.596,48.54736493150685
India,Asia,1987,58.553,50.323940063091484
India,Asia,1992,60.223,51.9495483992467
India,Asia,1997,61.765,53.45106667730101
India,Asia,2002,62.879,54.78611795187166
India,Asia,2007,64.698,56.094256937733604
Indonesia,Asia,1952,37.468,37.468
Indonesia,Asia,1957,39.918,38.75043076851594
Indonesia,Asia,1962,42.518,40.12612893615138
Indonesia,Asia,1967,45.964,41.80353103296045
Indonesia,Asia,1972,49.203,43.591834210458146
Indonesia,Asia,1977,52.702,45.542471772160226
Indonesia,Asia,1982,56.159,47.598257168545906
Indonesia,Asia,1987,60.137,49.80650504019568
Indonesia,Asia,1992,62.681,51.88280128779596
Indonesia,Asia,1997,66.041,53.98009314359157
Indonesia,Asia,2002,68.588,55.96113236035872
Indonesia,Asia,2007,70.65,57.80601143283176
Iran,Asia,1952,44.869,44.869
Iran,Asia,1957,47.181,46.103597021368444
Iran,Asia,1962,49.325,47.332973572691785
Iran,Asia,1967,52.469,48.90913192099542
Iran,Asia,1972,55.234,50.56281294730549
Iran,Asia,1977,57.702,52.2230480973215
Iran,Asia,1982,59.62,53.851556999782716
Iran,Asia,1987,63.04,55.77770531657246
Iran,Asia,1992,65.742,57.7321139593114
Iran,Asia,1997,68.042,59.49073577835076
Iran,Asia,2002,69.451,61.01166218152045
Iran,Asia,2007,70.964,62.373359386125
Iraq,Asia,1952,45.32,45.32
Iraq,Asia,1957,48.437,46.98606833268195
Iraq,Asia,1962,51.457,48.696029439371635
Iraq,Asia,1967,54.459,50.484607180865275
Iraq,Asia,1972,56.95,52.21878638489036
Iraq,Asia,1977,60.413,54.19008688250785
Iraq,Asia,1982,62.038,55.939890383323814
Iraq,Asia,1987,65.044,57.819922234994806
Iraq,Asia,1992,59.461,58.119115272491236
Iraq,Asia,1997,58.811,58.24016432205015
Iraq,Asia,2002,57.046,58.03937937428841
Iraq,Asia,2007,59.545,58.28257488840143
Ireland,Europe,1952,66.91,66.91
Ireland,Europe,1957,68.9,67.8923822340103
Ireland,Europe,1962,70.29,68.67586533887213
Ireland,Europe,1967,71.08,69.27897466851711
Ireland,Europe,1972,71.28,69.69391827259965
Ireland,Europe,1977,72.03,70.12195891128387
Ireland,Europe,1982,73.1,70.60767348169189
Ireland,Europe,1987,74.36,71.14162185333764
Ireland,Europe,1992,75.467,71.68281989711983
Ireland,Europe,1997,76.122,72.18994328871365
Ireland,Europe,2002,77.783,72.79294041028798
Ireland,Europe,2007,78.885,73.41735678205922
Israel,Asia,1952,65.39,65.39
Israel,Asia,1957,67.84,66.72614630123846
Israel,Asia,1962,69.39,67.77374343263925
Israel,Asia,1967,70.75,68.70921407420754
Israel,Asia,1972,71.63,69.48434484454722
Israel,Asia,1977,73.06,70.30880828196732
Israel,Asia,1982,74.45,71.14889402575264
Israel,Asia,1987,75.6,71.9544966155373
Israel,Asia,1992,76.93,72.82672862002177
Israel,Asia,1997,78.269,73.72023730326455
Israel,Asia,2002,79.696,74.6273482009232
Israel,Asia,2007,80.745,75.47931916432259
Italy,Europe,1952,65.94,65.94
Italy,Europe,1957,67.81,66.88963592433504
Italy,Europe,1962,69.24,67.69875678442588
Italy,Europe,1967,71.06,68.58230856420722
Italy,Europe,1972,72.19,69.35229601871931
Italy,Europe,1977,73.48,70.09685375713259
Italy,Europe,1982,74.98,70.84844017160083
Italy,Europe,1987,76.42,71.59381003630038
Italy,Europe,1992,77.44,72.28482643594718
Italy,Europe,1997,78.82,72.98256064974824
Italy,Europe,2002,80.24,73.6875827345431
Italy,Europe,2007,80.546,74.29695759790697
Jamaica,Americas,1952,58.53,58.53000000000001
Jamaica,Americas,1957,62.61,60.645088115062045
Jamaica,Americas,1962,65.61,62.43208648658231
Jamaica,Americas,1967,67.51,63.88882900553981
Jamaica,Americas,1972,69,65.09214389939923
Jamaica,Americas,1977,70.11,66.10912811498088
Jamaica,Americas,1982,71.21,67.01509764185077
Jamaica,Americas,1987,71.77,67.73973002643523
Jamaica,Americas,1992,71.766,68.28247620554556
Jamaica,Americas,1997,72.262,68.78173628489877
Jamaica,Americas,2002,72.047,69.16266024049726
Jamaica,Americas,2007,72.567,69.5320579536915
Japan,Asia,1952,63.03,63.03
Japan,Asia,1957,65.5,64.30040809021428
Japan,Asia,1962,68.73,65.85048915338915
Japan,Asia,1967,71.43,67.35192273438173
Japan,Asia,1972,73.42,68.70172726457207
Japan,Asia,1977,75.38,69.9782433061852
Japan,Asia,1982,77.11,71.16110275233176
Japan,Asia,1987,78.67,72.25734385667756
Japan,Asia,1992,79.36,73.17661712771405
Japan,Asia,1997,80.69,74.04757598192884
Japan,Asia,2002,82,74.88018148344078
Japan,Asia,2007,82.603,75.61421163286596
Jordan,Asia,1952,43.158,43.158
Jordan,Asia,1957,45.669,44.54201404014698
Jordan,Asia,1962,48.126,46.00434601308024
Jordan,Asia,1967,51.629,47.996750096384794
Jordan,Asia,1972,56.528,50.66624111063772
Jordan,Asia,1977,61.134,53.52528202528427
Jordan,Asia,1982,63.739,56.06432344700807
Jordan,Asia,1987,65.869,58.319341336193695
Jordan,Asia,1992,68.015,60.644197227439776
Jordan,Asia,1997,69.772,62.644418015629135
Jordan,Asia,2002,71.263,64.40630152308255
Jordan,Asia,2007,72.535,65.9431919304648
Kenya,Africa,1952,42.27,42.27
Kenya,Africa,1957,44.686,43.563984662067384
Kenya,Africa,1962,47.949,45.24805609813562
Kenya,Africa,1967,50.654,46.92834278749994
Kenya,Africa,1972,53.559,48.70970096096732
Kenya,Africa,1977,56.155,50.5292259036008
Kenya,Africa,1982,58.766,52.41860027236644
Kenya,Africa,1987,59.339,53.91257926388433
Kenya,Africa,1992,59.285,55.00353234035057
Kenya,Africa,1997,54.407,54.892227142501625
Kenya,Africa,2002,50.992,54.22279378873438
Kenya,Africa,2007,54.11,54.20440904565365
"Korea, Dem. Rep.",Asia,1952,50.056,50.056
"Korea, Dem. Rep.",Asia,1957,54.081,52.12860929237934
"Korea, Dem. Rep.",Asia,1962,56.656,53.8216676710158
"Korea, Dem. Rep.",Asia,1967,59.942,55.6685405284237
"Korea, Dem. Rep.",Asia,1972,63.983,57.84016722525252
"Korea, Dem. Rep.",Asia,1977,67.159,59.92652542021453
"Korea, Dem. Rep.",Asia,1982,69.1,61.71406201371426
"Korea, Dem. Rep.",Asia,1987,70.647,63.26769339900881
"Korea, Dem. Rep.",Asia,1992,69.978,64.33394325479932
"Korea, Dem. Rep.",Asia,1997,67.727,64.81600561495354
"Korea, Dem. Rep.",Asia,2002,66.662,65.05149600730083
"Korea, Dem. Rep.",Asia,2007,67.297,65.3164999281046
"Korea, Rep.",Asia,1952,47.453,47.453
"Korea, Rep.",Asia,1957,52.681,50.166856150317805
"Korea, Rep.",Asia,1962,55.292,52.10182295310207
"Korea, Rep.",Asia,1967,57.716,53.7915646573389
"Korea, Rep.",Asia,1972,62.612,56.003350273385344
"Korea, Rep.",Asia,1977,64.766,57.88087582808918
"Korea, Rep.",Asia,1982,67.123,59.61676386141047
"Korea, Rep.",Asia,1987,69.81,61.30705803682104
"Korea, Rep.",Asia,1992,72.244,62.932192818582244
"Korea, Rep.",Asia,1997,74.647,64.51855981926508
"Korea, Rep.",Asia,2002,77.045,66.06345251934111
"Korea, Rep.",Asia,2007,78.623,67.46982403807127
Kuwait,Asia,1952,55.565,55.565
Kuwait,Asia,1957,58.033,56.97390321473208
Kuwait,Asia,1962,60.47,58.68709163301929
Kuwait,Asia,1967,64.624,61.30075131975361
Kuwait,Asia,1972,67.712,63.813658728455444
Kuwait,Asia,1977,69.343,65.73112969292721
Kuwait,Asia,1982,71.309,67.47642886708874
Kuwait,Asia,1987,74.174,69.37363337679844
Kuwait,Asia,1992,75.19,70.39249308478482
Kuwait,Asia,1997,76.156,71.42431101600302
Kuwait,Asia,2002,76.904,72.39075961011288
Kuwait,Asia,2007,77.588,73.2901960035494
Lebanon,Asia,1952,55.928,55.928
Lebanon,Asia,1957,59.489,57.82840371098767
Lebanon,Asia,1962,62.094,59.44659294795176
Lebanon,Asia,1967,63.87,60.79751468847315
Lebanon,Asia,1972,65.421,62.05667537810569
Lebanon,Asia,1977,66.099,63.02877696201317
Lebanon,Asia,1982,66.983,63.78960219758151
Lebanon,Asia,1987,67.926,64.45750487758743
Lebanon,Asia,1992,69.292,65.15393249601804
Lebanon,Asia,1997,70.265,65.83394945723941
Lebanon,Asia,2002,71.028,66.48235425212533
Lebanon,Asia,2007,71.993,67.12966934134903
Lesotho,Africa,1952,42.138,42.138
Lesotho,Africa,1957,45.047,43.6526424439131
Lesotho,Africa,1962,47.747,45.14205474725769
Lesotho,Africa,1967,48.492,46.109087634806734
Lesotho,Africa,1972,49.767,47.00329377655614
Lesotho,Africa,1977,52.208,48.12252304854833
Lesotho,Africa,1982,55.078,49.480401086436174
Lesotho,Africa,1987,57.18,50.87472935248635
Lesotho,Africa,1992,59.685,52.36866081439985
Lesotho,Africa,1997,55.558,52.869883543278654
Lesotho,Africa,2002,44.593,51.71458956963682
Lesotho,Africa,2007,42.592,50.61359546314581
Liberia,Africa,1952,38.48,38.48
Liberia,Africa,1957,39.486,39.01380531714419
Liberia,Africa,1962,40.502,39.57479000451889
Liberia,Africa,1967,41.536,40.167773002226184
Liberia,Africa,1972,42.614,40.80249277575004
Liberia,Africa,1977,43.764,41.482659222495364
Liberia,Africa,1982,44.852,42.18598446309061
Liberia,Africa,1987,46.027,42.934598249191815
Liberia,Africa,1992,40.802,42.63367513694803
Liberia,Africa,1997,42.221,42.57604078077927
Liberia,Africa,2002,43.753,42.75440972781895
Liberia,Africa,2007,45.678,43.183411614549215
Libya,Africa,1952,42.723,42.723
Libya,Africa,1957,45.289,44.111033778311594
Libya,Africa,1962,47.808,45.566199333637265
Libya,Africa,1967,50.227,47.07833445172003
Libya,Africa,1972,52.773,48.71336022368911
Libya,Africa,1977,57.442,51.01364480356125
Libya,Africa,1982,62.155,53.738715563370974
Libya,Africa,1987,66.234,56.456218852215486
Libya,Africa,1992,68.755,58.91440155232937
Libya,Africa,1997,71.555,61.17657449038477
Libya,Africa,2002,72.737,63.118187290685306
Libya,Africa,2007,73.952,64.8392390783209
Madagascar,Africa,1952,36.681,36.681
Madagascar,Africa,1957,38.865,37.81898414997661
Madagascar,Africa,1962,40.848,38.92299441548603
Madagascar,Africa,1967,42.881,40.06354899751716
Madagascar,Africa,1972,44.851,41.23013775016815
Madagascar,Africa,1977,46.881,42.45066295254052
Madagascar,Africa,1982,48.969,43.7434440228889
Madagascar,Africa,1987,49.35,44.7864189046343
Madagascar,Africa,1992,52.214,46.100390328985235
Madagascar,Africa,1997,54.978,47.612060450839515
Madagascar,Africa,2002,57.286,49.2111126941995
Madagascar,Africa,2007,59.443,50.8615647120001
Malawi,Africa,1952,36.256,36.256
Malawi,Africa,1957,37.207,36.75500266784383
Malawi,Africa,1962,38.41,37.369821768556776
Malawi,Africa,1967,39.487,38.00083396804864
Malawi,Africa,1972,41.766,38.95616420513318
Malawi,Africa,1977,43.767,40.07298276693425
Malawi,Africa,1982,45.642,41.249309088348305
Malawi,Africa,1987,47.457,42.50734357017217
Malawi,Africa,1992,49.42,43.93099630006924
Malawi,Africa,1997,47.495,44.55995581874861
Malawi,Africa,2002,45.009,44.63487837954153
Malawi,Africa,2007,48.303,45.21548837852924
Malaysia,Asia,1952,48.463,48.463
Malaysia,Asia,1957,52.102,50.406941777365255
Malaysia,Asia,1962,55.737,52.43616100715235
Malaysia,Asia,1967,59.371,54.535260956790324
Malaysia,Asia,1972,63.01,56.69046603043969
Malaysia,Asia,1977,65.256,58.592881167829866
Malaysia,Asia,1982,68,60.4725334278439
Malaysia,Asia,1987,69.5,62.136404415275486
Malaysia,Asia,1992,70.693,63.60235550685716
Malaysia,Asia,1997,71.938,64.94203132624773
Malaysia,Asia,2002,73.044,66.16554688139483
Malaysia,Asia,2007,74.241,67.31166537102142
Mali,Africa,1952,33.685,33.685
Mali,Africa,1957,35.307,34.536521233774245
Mali,Africa,1962,36.936,35.41781131621002
Mali,Africa,1967,38.487,36.307430987096595
Mali,Africa,1972,39.977,37.20562215065492
Mali,Africa,1977,41.714,38.171438983663705
Mali,Africa,1982,43.916,39.249212049906674
Mali,Africa,1987,46.364,40.45794590339791
Mali,Africa,1992,48.388,41.708923066253554
Mali,Africa,1997,49.903,42.93471282143569
Mali,Africa,2002,51.818,44.21664821308597
Mali,Africa,2007,54.467,45.661673454813815
Mauritania,Africa,1952,40.543,40.543
Mauritania,Africa,1957,42.338,41.46371161965659
Mauritania,Africa,1962,44.248,42.44730370144463
Mauritania,Africa,1967,46.289,43.503296118776596
Mauritania,Africa,1972,48.437,44.635162782707546
Mauritania,Africa,1977,50.852,45.88148353529867
Mauritania,Africa,1982,53.599,47.289946047153805
Mauritania,Africa,1987,56.145,48.8095129351566
Mauritania,Africa,1992,58.333,50.3804260763971
Mauritania,Africa,1997,60.43,51.98687214225825
Mauritania,Africa,2002,62.247,53.58843103218899
Mauritania,Africa,2007,64.164,55.205002132083834
Mauritius,Africa,1952,50.986,50.986
Mauritius,Africa,1957,58.089,54.831552843998246
Mauritius,Africa,1962,60.246,56.90862355230525
Mauritius,Africa,1967,61.557,58.31077495369162
Mauritius,Africa,1972,62.944,59.44814137618724
Mauritius,Africa,1977,64.93,60.590576891735694
Mauritius,Africa,1982,66.711,61.72059663088097
Mauritius,Africa,1987,68.74,62.861361453103214
Mauritius,Africa,1992,69.745,63.86587390230061
Mauritius,Africa,1997,70.736,64.77785683899347
Mauritius,Africa,2002,71.954,65.6511952266202
Mauritius,Africa,2007,72.801,66.45598863362623
Mexico,Americas,1952,50.789,50.78900000000001
Mexico,Americas,1957,55.19,53.15400531037012
Mexico,Americas,1962,58.299,55.14466333225914
Mexico,Americas,1967,60.11,56.68937997544402
Mexico,Americas,1972,62.361,58.199509463816774
Mexico,Americas,1977,65.032,59.78931151560369
Mexico,Americas,1982,67.405,61.36771665298331
Mexico,Americas,1987,69.498,62.897641879675895
Mexico,Americas,1992,71.455,64.36486135134392
Mexico,Americas,1997,73.67,65.8281791005879
Mexico,Americas,2002,74.902,67.13370034708069
Mexico,Americas,2007,76.195,68.33346338770595
Mongolia,Asia,1952,42.244,42.244
Mongolia,Asia,1957,45.248,43.81871788694656
Mongolia,Asia,1962,48.251,45.48144270809933
Mongolia,Asia,1967,51.253,47.207993693815375
Mongolia,Asia,1972,53.754,48.88218939674927
Mongolia,Asia,1977,55.491,50.39140272694515
Mongolia,Asia,1982,57.489,51.86689072344159
Mongolia,Asia,1987,60.222,53.47616877510576
Mongolia,Asia,1992,61.271,54.88734992223902
Mongolia,Asia,1997,63.625,56.314916002432774
Mongolia,Asia,2002,65.033,57.61418547414048
Mongolia,Asia,2007,66.803,58.88277784898681
Montenegro,Europe,1952,59.164,59.164
Montenegro,Europe,1957,61.448,60.344652644038554
Montenegro,Europe,1962,63.728,61.550710267722664
Montenegro,Europe,1967,67.178,63.089531958393785
Montenegro,Europe,1972,70.636,64.7769332947442
Montenegro,Europe,1977,73.066,66.366837070292
Montenegro,Europe,1982,74.101,67.61617135727668
Montenegro,Europe,1987,74.865,68.63493103920584
Montenegro,Europe,1992,75.435,69.53938338491007
Montenegro,Europe,1997,75.445,70.30165051907564
Montenegro,Europe,2002,73.981,70.73703668134395
Montenegro,Europe,2007,74.543,71.12191177637288
Morocco,Africa,1952,42.873,42.873
Morocco,Africa,1957,45.423,44.235633866788355
Morocco,Africa,1962,47.924,45.63547389456903
Morocco,Africa,1967,50.335,47.04710515636727
Morocco,Africa,1972,52.862,48.51870515128271
Morocco,Africa,1977,55.73,50.09374543398856
Morocco,Africa,1982,59.65,51.942126254251605
Morocco,Africa,1987,62.677,53.878825000995754
Morocco,Africa,1992,65.393,55.817581104905486
Morocco,Africa,1997,67.66,57.67656079036361
Morocco,Africa,2002,69.615,59.42420844763422
Morocco,Africa,2007,71.164,61.03082441372028
Mozambique,Africa,1952,31.286,31.286
Mozambique,Africa,1957,33.779,32.58719879369797
Mozambique,Africa,1962,36.161,33.8957002488331
Mozambique,Africa,1967,38.113,35.11789915505683
Mozambique,Africa,1972,40.328,36.40321354674352
Mozambique,Africa,1977,42.495,37.735231108754384
Mozambique,Africa,1982,42.795,38.738532180327475
Mozambique,Africa,1987,42.861,39.43443463688099
Mozambique,Africa,1992,44.284,40.14729851673333
Mozambique,Africa,1997,46.344,41.11668650004388
Mozambique,Africa,2002,44.026,41.548004880903655
Mozambique,Africa,2007,42.082,41.62170480874755
Myanmar,Asia,1952,36.319,36.319
Myanmar,Asia,1957,41.905,39.221439808114035
Myanmar,Asia,1962,45.108,41.34681513483284
Myanmar,Asia,1967,49.379,43.622034995323034
Myanmar,Asia,1972,53.07,45.867098252597664
Myanmar,Asia,1977,56.059,47.99056256773875
Myanmar,Asia,1982,58.056,49.8672584696219
Myanmar,Asia,1987,58.339,51.30529759917024
Myanmar,Asia,1992,59.32,52.533542171171774
Myanmar,Asia,1997,60.328,53.628615650204736
Myanmar,Asia,2002,59.908,54.43876616822785
Myanmar,Asia,2007,62.069,55.347157049261085
Namibia,Africa,1952,41.725,41.725
Namibia,Africa,1957,45.226,43.58089289600362
Namibia,Africa,1962,48.386,45.384704713880176
Namibia,Africa,1967,51.159,47.112243448296596
Namibia,Africa,1972,53.867,48.85577888197002
Namibia,Africa,1977,56.437,50.635998401009815
Namibia,Africa,1982,58.968,52.37694310882186
Namibia,Africa,1987,60.835,54.03051360985753
Namibia,Africa,1992,61.999,55.56100555745176
Namibia,Africa,1997,58.909,56.16320768414681
Namibia,Africa,2002,51.479,55.38291518117441
Namibia,Africa,2007,52.906,55.016556560339545
Nepal,Asia,1952,36.157,36.157
Nepal,Asia,1957,37.686,36.94175450204438
Nepal,Asia,1962,39.393,37.80918841850193
Nepal,Asia,1967,41.472,38.82873499571327
Nepal,Asia,1972,43.971,40.03598631013087
Nepal,Asia,1977,46.748,41.43589109066629
Nepal,Asia,1982,49.594,42.99602326163574
Nepal,Asia,1987,52.537,44.696689385710044
Nepal,Asia,1992,55.727,46.55200852045629
Nepal,Asia,1997,59.426,48.61058312108205
Nepal,Asia,2002,61.34,50.55120022579067
Nepal,Asia,2007,63.785,52.47688092997347
Netherlands,Europe,1952,72.13,72.13
Netherlands,Europe,1957,72.99,72.57294306091761
Netherlands,Europe,1962,73.23,72.80648903145234
Netherlands,Europe,1967,73.82,73.08517865078433
Netherlands,Europe,1972,73.75,73.23502429728832
Netherlands,Europe,1977,75.24,73.6155350705735
Netherlands,Europe,1982,76.05,74.0145787696039
Netherlands,Europe,1987,76.83,74.4194936294825
Netherlands,Europe,1992,77.42,74.80816522024904
Netherlands,Europe,1997,78.03,75.18688998328052
Netherlands,Europe,2002,78.53,75.5489511518707
Netherlands,Europe,2007,79.762,75.9709297386464
New Zealand,Oceania,1952,69.39,69.39
New Zealand,Oceania,1957,70.26,69.84915999025615
New Zealand,Oceania,1962,71.24,70.36477198096578
New Zealand,Oceania,1967,71.52,70.69859979254099
New Zealand,Oceania,1972,71.89,70.98071216647436
New Zealand,Oceania,1977,72.22,71.23319025206534
New Zealand,Oceania,1982,73.84,71.67967239159842
New Zealand,Oceania,1987,74.32,72.076650015499
New Zealand,Oceania,1992,76.33,72.65003850411549
New Zealand,Oceania,1997,77.55,73.26742326910305
New Zealand,Oceania,2002,79.11,73.95756296212001
New Zealand,Oceania,2007,80.204,74.64865537212437
Nicaragua,Americas,1952,42.314,42.314
Nicaragua,Americas,1957,45.432,43.99220466462649
Nicaragua,Americas,1962,48.632,45.78556042879898
Nicaragua,Americas,1967,51.884,47.68777396979118
Nicaragua,Americas,1972,55.151,49.68340210737574
Nicaragua,Americas,1977,57.47,51.53927408109432
Nicaragua,Americas,1982,59.298,53.22690323321532
Nicaragua,Americas,1987,62.008,54.950122909141996
Nicaragua,Americas,1992,65.843,57.02833133615949
Nicaragua,Americas,1997,68.426,59.07505520813068
Nicaragua,Americas,2002,70.836,61.03933076436123
Nicaragua,Americas,2007,72.899,62.88380063738874
Niger,Africa,1952,37.444,37.444
Niger,Africa,1957,38.598,38.046515555912535
Niger,Africa,1962,39.487,38.57321139324307
Niger,Africa,1967,40.118,39.01985668640217
Niger,Africa,1972,40.546,39.39217811025214
Niger,Africa,1977,41.291,39.8004902770088
Niger,Africa,1982,42.598,40.3484941306264
Niger,Africa,1987,44.555,41.11589385681846
Niger,Africa,1992,47.391,42.19984910825622
Niger,Africa,1997,51.313,43.71204701134016
Niger,Africa,2002,54.496,45.4433343840351
Niger,Africa,2007,56.867,47.233458775471945
Nigeria,Africa,1952,36.324,36.324
Nigeria,Africa,1957,37.802,37.10562316810304
Nigeria,Africa,1962,39.36,37.947194286013186
Nigeria,Africa,1967,41.04,38.86441233548708
Nigeria,Africa,1972,42.821,39.86176557766172
Nigeria,Africa,1977,44.514,40.91264000928436
Nigeria,Africa,1982,45.826,41.94256932166946
Nigeria,Africa,1987,46.886,42.88013228485091
Nigeria,Africa,1992,47.472,43.69929994392134
Nigeria,Africa,1997,47.464,44.33440741465246
Nigeria,Africa,2002,46.608,44.69814238473562
Nigeria,Africa,2007,46.859,45.02802861195628
Norway,Europe,1952,72.67,72.67
Norway,Europe,1957,73.44,73.06427037335847
Norway,Europe,1962,73.47,73.20543834658322
Norway,Europe,1967,74.08,73.43788475481664
Norway,Europe,1972,74.34,73.63307120991936
Norway,Europe,1977,75.37,73.94911541445401
Norway,Europe,1982,75.97,74.26486708220052
Norway,Europe,1987,75.89,74.48775882193114
Norway,Europe,1992,77.32,74.83652808552858
Norway,Europe,1997,78.32,75.22789653411597
Norway,Europe,2002,79.05,75.62414222336062
Norway,Europe,2007,80.196,76.06150070625075
Oman,Asia,1952,37.578,37.578
Oman,Asia,1957,40.08,38.892314181022805
Oman,Asia,1962,43.165,40.47299057229381
Oman,Asia,1967,46.988,42.403057008416546
Oman,Asia,1972,52.143,44.89392696586062
Oman,Asia,1977,57.367,47.844617932606305
Oman,Asia,1982,62.728,51.33527378672454
Oman,Asia,1987,67.734,54.99535999197341
Oman,Asia,1992,71.197,58.42158572412872
Oman,Asia,1997,72.499,61.25645153444346
Oman,Asia,2002,74.193,63.7542396527515
Oman,Asia,2007,75.64,65.96142551121584
Pakistan,Asia,1952,43.436,43.436
Pakistan,Asia,1957,45.557,44.560753985731395
Pakistan,Asia,1962,47.67,45.73064241906635
Pakistan,Asia,1967,49.8,46.953691950521616
Pakistan,Asia,1972,51.929,48.22600541683553
Pakistan,Asia,1977,54.043,49.5276998184134
Pakistan,Asia,1982,56.158,50.903709930580185
Pakistan,Asia,1987,58.245,52.31827696431917
Pakistan,Asia,1992,60.838,53.85428218956583
Pakistan,Asia,1997,61.818,55.20121220268144
Pakistan,Asia,2002,63.61,56.55203128310308
Pakistan,Asia,2007,65.483,57.89676508427661
Panama,Americas,1952,55.191,55.191
Panama,Americas,1957,59.201,57.31951310600094
Panama,Americas,1962,61.817,59.0179222544824
Panama,Americas,1967,64.071,60.55356371685071
Panama,Americas,1972,66.216,62.020060427826074
Panama,Americas,1977,68.681,63.53654759995807
Panama,Americas,1982,70.472,64.93244779746864
Panama,Americas,1987,71.523,66.13306513903952
Panama,Americas,1992,72.462,67.19172734786116
Panama,Americas,1997,73.738,68.209381857356
Panama,Americas,2002,74.712,69.15434201962849
Panama,Americas,2007,75.537,70.02296737437594
Paraguay,Americas,1952,62.649,62.649
Paraguay,Americas,1957,63.196,62.94017764816287
Paraguay,Americas,1962,64.361,63.475273411246995
Paraguay,Americas,1967,64.951,63.918109878372256
Paraguay,Americas,1972,65.815,64.40241723581556
Paraguay,Americas,1977,66.353,64.8426672511456
Paraguay,Americas,1982,66.874,65.2548744429421
Paraguay,Americas,1987,67.378,65.65785855028723
Paraguay,Americas,1992,68.225,66.11903197919717
Paraguay,Americas,1997,69.4,66.68057824870154
Paraguay,Americas,2002,70.755,67.346599765647
Paraguay,Americas,2007,71.752,68.0350066305283
Peru,Americas,1952,43.902,43.902
Peru,Americas,1957,46.263,45.159523503651336
Peru,Americas,1962,49.096,46.65466603944627
Peru,Americas,1967,51.445,48.11414770532766
Peru,Americas,1972,55.448,50.01728723091686
Peru,Americas,1977,58.447,51.94936440468778
Peru,Americas,1982,61.406,53.89955106290983
Peru,Americas,1987,64.134,55.811856817436116
Peru,Americas,1992,66.458,57.64148924692845
Peru,Americas,1997,68.386,59.35408767424565
Peru,Americas,2002,69.906,60.90582078239966
Peru,Americas,2007,71.421,62.336799254523
Philippines,Asia,1952,47.752,47.752
Philippines,Asia,1957,51.334,49.67714729236541
Philippines,Asia,1962,54.757,51.631173159866044
Philippines,Asia,1967,56.393,53.10554003806319
Philippines,Asia,1972,58.065,54.4122406467075
Philippines,Asia,1977,60.06,55.72284498767699
Philippines,Asia,1982,62.082,57.05411218545045
Philippines,Asia,1987,64.151,58.40472147098726
Philippines,Asia,1992,66.458,59.81907194752126
Philippines,Asia,1997,68.564,61.2527044914136
Philippines,Asia,2002,70.303,62.64223930229601
Philippines,Asia,2007,71.688,63.946564454716224
Poland,Europe,1952,61.31,61.309999999999995
Poland,Europe,1957,65.77,63.64350412316874
Poland,Europe,1962,67.64,65.0814476569892
Poland,Europe,1967,69.61,66.32146007880435
Poland,Europe,1972,70.85,67.32481616815541
Poland,Europe,1977,70.67,67.95512744094643
Poland,Europe,1982,71.32,68.50929862103523
Poland,Europe,1987,70.98,68.8711243286838
Poland,Europe,1992,70.99,69.14572107562012
Poland,Europe,1997,72.75,69.56194007084449
Poland,Europe,2002,74.67,70.0903926475937
Poland,Europe,2007,75.563,70.60218099975674
Portugal,Europe,1952,59.82,59.82
Portugal,Europe,1957,61.51,60.67920700311929
Portugal,Europe,1962,64.39,61.948788457526504
Portugal,Europe,1967,66.6,63.14259045860178
Portugal,Europe,1972,69.26,64.37750681583682
Portugal,Europe,1977,70.41,65.45495697283988
Portugal,Europe,1982,72.77,66.58260966366058
Portugal,Europe,1987,74.06,67.58621032681526
Portugal,Europe,1992,74.86,68.44790468537873
Portugal,Europe,1997,75.97,69.26100252521898
Portugal,Europe,2002,77.29,70.06348863405842
Portugal,Europe,2007,78.098,70.80682564862033
Puerto Rico,Americas,1952,64.28,64.28
Puerto Rico,Americas,1957,68.54,66.42566525518164
Puerto Rico,Americas,1962,69.62,67.55325379528846
Puerto Rico,Americas,1967,71.1,68.53355278434167
Puerto Rico,Americas,1972,72.16,69.36412622688879
Puerto Rico,Americas,1977,73.44,70.1736345274587
Puerto Rico,Americas,1982,73.75,70.79770594096057
Puerto Rico,Americas,1987,74.63,71.39136258223135
Puerto Rico,Americas,1992,73.911,71.74121267869252
Puerto Rico,Americas,1997,74.917,72.14483448995779
Puerto Rico,Americas,2002,77.778,72.79501476104055
Puerto Rico,Americas,2007,78.746,73.422632826067
Reunion,Africa,1952,52.724,52.724
Reunion,Africa,1957,55.09,54.01352012711864
Reunion,Africa,1962,57.666,55.43022284664433
Reunion,Africa,1967,60.542,57.010421830714606
Reunion,Africa,1972,64.274,58.872269382333954
Reunion,Africa,1977,67.064,60.630236353122385
Reunion,Africa,1982,69.885,62.33512587241921
Reunion,Africa,1987,71.913,63.93111308616895
Reunion,Africa,1992,73.615,65.43927192592504
Reunion,Africa,1997,74.772,66.80493107328408
Reunion,Africa,2002,75.744,68.03108258572878
Reunion,Africa,2007,76.442,69.10995302165406
Romania,Europe,1952,61.05,61.05
Romania,Europe,1957,64.1,62.628076302825065
Romania,Europe,1962,66.8,64.09466403756353
Romania,Europe,1967,66.8,64.81502303311258
Romania,Europe,1972,69.21,65.79057670336225
Romania,Europe,1977,69.46,66.4831889625676
Romania,Europe,1982,69.66,67.00121687171847
Romania,Europe,1987,69.53,67.36024558448892
Romania,Europe,1992,69.36,67.6099273658264
Romania,Europe,1997,69.72,67.84199526456638
Romania,Europe,2002,71.322,68.18462836518816
Romania,Europe,2007,72.476,68.56726930550063
Rwanda,Africa,1952,40,40
Rwanda,Africa,1957,41.5,40.79020270453158
Rwanda,Africa,1962,43,41.59210863234221
Rwanda,Africa,1967,44.1,42.32190797456517
Rwanda,Africa,1972,44.6,42.89563583169768
Rwanda,Africa,1977,45,43.37349449787291
Rwanda,Africa,1982,46.218,43.97567184851159
Rwanda,Africa,1987,44.02,43.98436802259496
Rwanda,Africa,1992,23.599,40.2367696695523
Rwanda,Africa,1997,36.087,39.598158985405874
Rwanda,Africa,2002,43.413,40.145587915291195
Rwanda,Africa,2007,46.242,40.9951750884239
Sao Tome and Principe,Africa,1952,46.471,46.471
Sao Tome and Principe,Africa,1957,48.945,47.72139600778005
Sao Tome and Principe,Africa,1962,51.893,49.18160600703874
Sao Tome and Principe,Africa,1967,54.425,50.62319925582985
Sao Tome and Principe,Africa,1972,56.48,51.9660646824102
Sao Tome and Principe,Africa,1977,58.55,53.323904837487135
Sao Tome and Principe,Africa,1982,60.351,54.657661167923116
Sao Tome and Principe,Africa,1987,61.728,55.90075673844611
Sao Tome and Principe,Africa,1992,62.742,57.03989487486362
Sao Tome and Principe,Africa,1997,63.306,58.05166271153925
Sao Tome and Principe,Africa,2002,64.337,59.050441325181524
Sao Tome and Principe,Africa,2007,65.528,60.0669940655829
Saudi Arabia,Asia,1952,39.875,39.875
Saudi Arabia,Asia,1957,42.868,41.44502956087046
Saudi Arabia,Asia,1962,45.914,43.097457913373944
Saudi Arabia,Asia,1967,49.901,45.11065349083357
Saudi Arabia,Asia,1972,53.886,47.34169104720434
Saudi Arabia,Asia,1977,58.69,50.0880675550047
Saudi Arabia,Asia,1982,63.012,53.331746270205755
Saudi Arabia,Asia,1987,66.295,56.51897045479221
Saudi Arabia,Asia,1992,68.768,59.235571612843245
Saudi Arabia,Asia,1997,70.533,61.69201331953773
Saudi Arabia,Asia,2002,71.626,63.68480120380996
Saudi Arabia,Asia,2007,72.777,65.36072899392106
Senegal,Africa,1952,37.278,37.278
Senegal,Africa,1957,39.329,38.35626665279435
Senegal,Africa,1962,41.454,39.50621711804246
Senegal,Africa,1967,43.563,40.72447305209212
Senegal,Africa,1972,45.815,42.03714464007585
Senegal,Africa,1977,48.879,43.5983159832304
Senegal,Africa,1982,52.379,45.446780725797964
Senegal,Africa,1987,55.769,47.481816263774846
Senegal,Africa,1992,58.196,49.473914778455914
Senegal,Africa,1997,60.187,51.35801926667157
Senegal,Africa,2002,61.6,53.068479187478175
Senegal,Africa,2007,63.062,54.65330748173388
Serbia,Europe,1952,57.996,57.996
Serbia,Europe,1957,61.685,59.89414462799625
Serbia,Europe,1962,64.531,61.51800140665467
Serbia,Europe,1967,66.914,62.965335897622786
Serbia,Europe,1972,68.7,64.21886187017661
Serbia,Europe,1977,70.3,65.34953420110043
Serbia,Europe,1982,70.162,66.12925336379806
Serbia,Europe,1987,71.218,66.85211879913933
Serbia,Europe,1992,71.659,67.48352429331197
Serbia,Europe,1997,72.232,68.05998998116351
Serbia,Europe,2002,73.213,68.60698711690438
Serbia,Europe,2007,74.002,69.1265066644615
Sierra Leone,Africa,1952,30.331,30.331
Sierra Leone,Africa,1957,31.57,30.971773106203372
Sierra Leone,Africa,1962,32.767,31.61323041827341
Sierra Leone,Africa,1967,34.113,32.30869005222274
Sierra Leone,Africa,1972,35.4,33.02365660528477
Sierra Leone,Africa,1977,36.788,33.782106411848105
Sierra Leone,Africa,1982,38.445,34.629968741609126
Sierra Leone,Africa,1987,40.006,35.53735193413206
Sierra Leone,Africa,1992,38.333,35.97556074150562
Sierra Leone,Africa,1997,39.897,36.54081148090082
Sierra Leone,Africa,2002,41.012,37.1863169762334
Sierra Leone,Africa,2007,42.568,37.9506301470846
Singapore,Asia,1952,60.396,60.396
Singapore,Asia,1957,63.179,61.95998424014033
Singapore,Asia,1962,65.798,63.51378825175007
Singapore,Asia,1967,67.946,64.90491965151969
Singapore,Asia,1972,69.521,66.08030113949522
Singapore,Asia,1977,70.795,67.09743353052657
Singapore,Asia,1982,71.76,68.01807695041465
Singapore,Asia,1987,73.56,68.97261225533671
Singapore,Asia,1992,75.788,70.10585297462093
Singapore,Asia,1997,77.158,71.25851662247351
Singapore,Asia,2002,78.77,72.40675427929995
Singapore,Asia,2007,79.972,73.4826847271126
Slovak Republic,Europe,1952,64.36,64.36
Slovak Republic,Europe,1957,67.45,65.96472190963651
Slovak Republic,Europe,1962,70.33,67.55386972265326
Slovak Republic,Europe,1967,70.98,68.50024778765575
Slovak Republic,Europe,1972,70.35,68.91120402057143
Slovak Republic,Europe,1977,70.45,69.20250012743463
Slovak Republic,Europe,1982,70.8,69.46645760518001
Slovak Republic,Europe,1987,71.08,69.70111974436928
Slovak Republic,Europe,1992,71.38,69.91798089888563
Slovak Republic,Europe,1997,72.71,70.24163700363405
Slovak Republic,Europe,2002,73.8,70.61294264677
Slovak Republic,Europe,2007,74.663,70.9980207142849
Slovenia,Europe,1952,65.57,65.57
Slovenia,Europe,1957,67.85,66.72642608254912
Slovenia,Europe,1962,69.15,67.55942657445908
Slovenia,Europe,1967,69.18,67.98628911619136
Slovenia,Europe,1972,69.82,68.37728601786944
Slovenia,Europe,1977,70.97,68.84451443182104
Slovenia,Europe,1982,71.063,69.20185840417552
Slovenia,Europe,1987,72.25,69.64118005263752
Slovenia,Europe,1992,73.64,70.15694558884734
Slovenia,Europe,1997,75.13,70.72820816242272
Slovenia,Europe,2002,76.66,71.3393631377062
Slovenia,Europe,2007,77.926,71.95397453244914
Somalia,Africa,1952,32.978,32.978
Somalia,Africa,1957,34.977,34.02522465990467
Somalia,Africa,1962,36.981,35.110670023065104
Somalia,Africa,1967,38.977,36.23258717971741
Somalia,Africa,1972,40.973,37.39529125461899
Somalia,Africa,1977,41.974,38.39149022789746
Somalia,Africa,1982,42.955,39.42094500818913
Somalia,Africa,1987,44.501,40.49427741253634
Somalia,Africa,1992,39.658,40.36301075966649
Somalia,Africa,1997,43.795,40.86342846424401
Somalia,Africa,2002,45.936,41.602038634003435
Somalia,Africa,2007,48.159,42.56075145361184
South Africa,Africa,1952,45.009,45.009
South Africa,Africa,1957,47.985,46.589294744915286
South Africa,Africa,1962,49.951,47.85453354310316
South Africa,Africa,1967,51.927,49.080136513271185
South Africa,Africa,1972,53.696,50.25918706182229
South Africa,Africa,1977,55.527,51.44190715787464
South Africa,Africa,1982,58.161,52.81865365189701
South Africa,Africa,1987,60.834,54.35140376019189
South Africa,Africa,1992,61.888,55.67316066588901
South Africa,Africa,1997,60.236,56.39515146566582
South Africa,Africa,2002,53.365,55.9679141098463
South Africa,Africa,2007,49.339,55.15581398371955
Spain,Europe,1952,64.94,64.94
Spain,Europe,1957,66.66,65.81902503180088
Spain,Europe,1962,69.69,67.16590037537321
Spain,Europe,1967,71.44,68.31300457901
Spain,Europe,1972,73.06,69.35711078479862
Spain,Europe,1977,74.39,70.3056061100817
Spain,Europe,1982,76.3,71.28983519332552
Spain,Europe,1987,76.9,72.09706774680062
Spain,Europe,1992,77.57,72.79582678562348
Spain,Europe,1997,78.77,73.47685967705367
Spain,Europe,2002,79.78,74.12617785901188
Spain,Europe,2007,80.941,74.76688776238076
Sri Lanka,Asia,1952,57.593,57.593
Sri Lanka,Asia,1957,61.456,59.65388504570891
Sri Lanka,Asia,1962,62.192,60.61463181161512
Sri Lanka,Asia,1967,64.266,61.70598180580604
Sri Lanka,Asia,1972,65.042,62.53647690306222
Sri Lanka,Asia,1977,65.949,63.26194798884142
Sri Lanka,Asia,1982,68.757,64.29697430886473
Sri Lanka,Asia,1987,69.011,65.08794048534236
Sri Lanka,Asia,1992,70.379,65.89084944737323
Sri Lanka,Asia,1997,70.457,66.52520362004047
Sri Lanka,Asia,2002,70.815,67.06992350031953
Sri Lanka,Asia,2007,72.396,67.69172855134829
Sudan,Africa,1952,38.635,38.635
Sudan,Africa,1957,39.624,39.16332038104379
Sudan,Africa,1962,40.87,39.81159999746614
Sudan,Africa,1967,42.858,40.73049920933244
Sudan,Africa,1972,45.083,41.849945431611566
Sudan,Africa,1977,47.8,43.22790913741267
Sudan,Africa,1982,50.338,44.764755342333565
Sudan,Africa,1987,51.744,46.215490900097855
Sudan,Africa,1992,53.556,47.62332373756082
Sudan,Africa,1997,55.373,49.01305383579025
Sudan,Africa,2002,56.369,50.27365963991913
Sudan,Africa,2007,58.556,51.62755206560155
Swaziland,Africa,1952,41.407,41.407
Swaziland,Africa,1957,43.424,42.47515832663408
Swaziland,Africa,1962,44.992,43.41868006464098
Swaziland,Africa,1967,46.633,44.379290610792225
Swaziland,Africa,1972,49.552,45.69482370450025
Swaziland,Africa,1977,52.537,47.24161428987254
Swaziland,Africa,1982,55.561,48.99188389572275
Swaziland,Africa,1987,57.678,50.741807370066475
Swaziland,Africa,1992,58.474,52.28213703870764
Swaziland,Africa,1997,54.289,52.641713075942405
Swaziland,Africa,2002,43.869,51.22835071251638
Swaziland,Africa,2007,39.613,49.61323643427406
Sweden,Europe,1952,71.86,71.86
Sweden,Europe,1957,72.49,72.18019900369086
Sweden,Europe,1962,73.37,72.58821529534859
Sweden,Europe,1967,74.16,73.00156832974831
Sweden,Europe,1972,74.72,73.36848473935015
Sweden,Europe,1977,75.44,73.73773728317903
Sweden,Europe,1982,76.42,74.1465926721429
Sweden,Europe,1987,77.19,74.55316515970105
Sweden,Europe,1992,78.16,74.9914124314453
Sweden,Europe,1997,79.39,75.47665098532413
Sweden,Europe,2002,80.04,75.93264209739755
Sweden,Europe,2007,80.884,76.3859672356181
Switzerland,Europe,1952,69.62,69.62
Switzerland,Europe,1957,70.56,70.10470375213761
Switzerland,Europe,1962,71.32,70.54590760556161
Switzerland,Europe,1967,72.77,71.16818135671436
Switzerland,Europe,1972,73.78,71.7637802888349
Switzerland,Europe,1977,75.39,72.4298515474547
Switzerland,Europe,1982,76.21,73.02830725561392
Switzerland,Europe,1987,77.41,73.64166280763658
Switzerland,Europe,1992,78.03,74.20492200109065
Switzerland,Europe,1997,79.37,74.80717950080313
Switzerland,Europe,2002,80.62,75.42685108533102
Switzerland,Europe,2007,81.701,76.04554484511063
Syria,Asia,1952,45.883,45.883
Syria,Asia,1957,48.284,47.158553217280726
Syria,Asia,1962,50.305,48.361446137213456
Syria,Asia,1967,53.655,50.00229651097377
Syria,Asia,1972,57.296,51.95515892584891
Syria,Asia,1977,61.195,54.17887890881118
Syria,Asia,1982,64.59,56.49115985892635
Syria,Asia,1987,66.974,58.68941357003536
Syria,Asia,1992,69.249,60.77802091292728
Syria,Asia,1997,71.527,62.75699346046945
Syria,Asia,2002,73.053,64.5399422168096
Syria,Asia,2007,74.143,66.10670611752573
Taiwan,Asia,1952,58.5,58.5
Taiwan,Asia,1957,62.4,60.618158401336025
Taiwan,Asia,1962,65.2,62.40086880659957
Taiwan,Asia,1967,67.5,63.97252649579999
Taiwan,Asia,1972,69.39,65.35866486150508
Taiwan,Asia,1977,70.59,66.50960239085818
Taiwan,Asia,1982,72.16,67.61240733935792
Taiwan,Asia,1987,73.4,68.61063925672732
Taiwan,Asia,1992,74.26,69.47479373899716
Taiwan,Asia,1997,75.25,70.27106533286546
Taiwan,Asia,2002,76.99,71.1123911835707
Taiwan,Asia,2007,78.4,71.94640576312244
Tanzania,Africa,1952,41.215,41.215
Tanzania,Africa,1957,42.974,42.15040469451895
Tanzania,Africa,1962,44.246,42.94533104603123
Tanzania,Africa,1967,45.757,43.80472857060392
Tanzania,Africa,1972,47.62,44.80751713215522
Tanzania,Africa,1977,49.919,46.00556953257329
Tanzania,Africa,1982,50.608,46.98840376755395
Tanzania,Africa,1987,51.535,47.891724244038606
Tanzania,Africa,1992,50.44,48.36725443607874
Tanzania,Africa,1997,48.466,48.38474366895274
Tanzania,Africa,2002,49.651,48.59549025889439
Tanzania,Africa,2007,52.517,49.203492839470876
Thailand,Asia,1952,50.848,50.848
Thailand,Asia,1957,53.63,52.35166133746375
Thailand,Asia,1962,56.061,53.787579820036626
Thailand,Asia,1967,58.285,55.1835184157048
Thailand,Asia,1972,60.405,56.56086182592636
Thailand,Asia,1977,62.494,57.91774774371854
Thailand,Asia,1982,64.597,59.26610909266788
Thailand,Asia,1987,66.084,60.48985504604174
Thailand,Asia,1992,67.298,61.58759296709897
Thailand,Asia,1997,67.521,62.45550822622073
Thailand,Asia,2002,68.564,63.26410171211048
Thailand,Asia,2007,70.616,64.15073623584468
Togo,Africa,1952,38.596,38.596
Togo,Africa,1957,41.208,39.97211741711229
Togo,Africa,1962,43.922,41.442595741031646
Togo,Africa,1967,46.769,43.02545787152028
Togo,Africa,1972,49.759,44.778946903441586
Togo,Africa,1977,52.887,46.61313117410747
Togo,Africa,1982,55.471,48.43625619086337
Togo,Africa,1987,56.941,50.11245749207331
Togo,Africa,1992,58.061,51.620558194853
Togo,Africa,1997,58.39,52.835632596272994
Togo,Africa,2002,57.561,53.64526938330338
Togo,Africa,2007,58.42,54.4286442173487
Trinidad and Tobago,Americas,1952,59.1,59.1
Trinidad and Tobago,Americas,1957,61.8,60.54649273332166
Trinidad and Tobago,Americas,1962,64.9,62.21531136189297
Trinidad and Tobago,Americas,1967,65.4,63.148874260663504
Trinidad and Tobago,Americas,1972,65.9,63.780054284075526
Trinidad and Tobago,Americas,1977,68.3,64.66788219398364
Trinidad and Tobago,Americas,1982,68.832,65.39362130847366
Trinidad and Tobago,Americas,1987,69.582,66.05039194590378
Trinidad and Tobago,Americas,1992,69.862,66.5641868990143
Trinidad and Tobago,Americas,1997,69.465,66.89701813765954
Trinidad and Tobago,Americas,2002,68.976,67.10486524079242
Trinidad and Tobago,Americas,2007,69.819,67.34231042457316
Tunisia,Africa,1952,44.6,44.6
Tunisia,Africa,1957,47.1,45.89986356668558
Tunisia,Africa,1962,49.579,47.22679913027499
Tunisia,Africa,1967,52.053,48.61252291495948
Tunisia,Africa,1972,55.602,50.29933427525556
Tunisia,Africa,1977,59.837,52.346255365289416
Tunisia,Africa,1982,64.048,54.616201393509876
Tunisia,Africa,1987,66.894,56.85103237814894
Tunisia,Africa,1992,70.001,59.05024624435674
Tunisia,Africa,1997,71.973,61.03213105811477
Tunisia,Africa,2002,73.042,62.70930082410391
Tunisia,Africa,2007,73.923,64.1453920433785
Turkey,Europe,1952,43.585,43.585
Turkey,Europe,1957,48.079,45.99312667431989
Turkey,Europe,1962,52.098,48.333759682563084
Turkey,Europe,1967,54.336,50.1387172945974
Turkey,Europe,1972,57.005,51.87113950619417
Turkey,Europe,1977,59.507,53.56634973589557
Turkey,Europe,1982,61.036,55.04969614106818
Turkey,Europe,1987,63.108,56.512998730193814
Turkey,Europe,1992,66.146,58.117037635738626
Turkey,Europe,1997,68.835,59.755437037299956
Turkey,Europe,2002,70.845,61.31130456752038
Turkey,Europe,2007,71.777,62.66311756181315
Uganda,Africa,1952,39.978,39.978
Uganda,Africa,1957,42.571,41.3627329154073
Uganda,Africa,1962,45.344,42.87895513419497
Uganda,Africa,1967,48.051,44.461412568651745
Uganda,Africa,1972,51.016,46.16186237337408
Uganda,Africa,1977,50.35,47.10764668891796
Uganda,Africa,1982,49.849,47.664701208109726
Uganda,Africa,1987,51.509,48.40878300209466
Uganda,Africa,1992,48.825,48.486930412912095
Uganda,Africa,1997,44.578,47.78681406047539
Uganda,Africa,2002,47.813,47.79133925452876
Uganda,Africa,2007,51.542,48.426206198754286
United Kingdom,Europe,1952,69.18,69.18
United Kingdom,Europe,1957,70.42,69.80608678578442
United Kingdom,Europe,1962,70.76,70.13373930081468
United Kingdom,Europe,1967,71.36,70.45449386276778
United Kingdom,Europe,1972,72.01,70.78219673917127
United Kingdom,Europe,1977,72.76,71.12686700644292
United Kingdom,Europe,1982,74.04,71.56024772580882
United Kingdom,Europe,1987,75.007,72.01103012216541
United Kingdom,Europe,1992,76.42,72.52795351442853
United Kingdom,Europe,1997,77.218,73.02728553534786
United Kingdom,Europe,2002,78.471,73.55996268989821
United Kingdom,Europe,2007,79.425,74.0895711775443
United States,Americas,1952,68.44,68.44
United States,Americas,1957,69.49,68.98799066569156
United States,Americas,1962,70.21,69.42969231216394
United States,Americas,1967,70.76,69.79952010878765
United States,Americas,1972,71.34,70.14919731410656
United States,Americas,1977,73.38,70.77067960961533
United States,Americas,1982,74.65,71.42475307552357
United States,Americas,1987,75.02,71.96363291472635
United States,Americas,1992,76.09,72.52844294116404
United States,Americas,1997,76.81,73.07199635449896
United States,Americas,2002,77.31,73.57219021164558
United States,Americas,2007,78.242,74.08570067618312
Uruguay,Americas,1952,66.071,66.071
Uruguay,Americas,1957,67.044,66.57538722540168
Uruguay,Americas,1962,68.253,67.1744782246416
Uruguay,Americas,1967,68.468,67.52912737994501
Uruguay,Americas,1972,68.673,67.78091613704
Uruguay,Americas,1977,69.481,68.0915227191098
Uruguay,Americas,1982,70.805,68.52057734916346
Uruguay,Americas,1987,71.918,68.99674033579622
Uruguay,Americas,1992,72.752,69.47214207096542
Uruguay,Americas,1997,74.223,70.02301928056755
Uruguay,Americas,2002,75.307,70.58711930160766
Uruguay,Americas,2007,76.384,71.158930777406
Venezuela,Americas,1952,55.088,55.08800000000001
Venezuela,Americas,1957,57.907,56.644123690233
Venezuela,Americas,1962,60.77,58.30039906660934
Venezuela,Americas,1967,63.479,59.97673251577263
Venezuela,Americas,1972,65.712,61.567771671293734
Venezuela,Americas,1977,67.456,63.013067781538915
Venezuela,Americas,1982,68.557,64.23909305279082
Venezuela,Americas,1987,70.19,65.44279103342365
Venezuela,Americas,1992,71.15,66.50573433917265
Venezuela,Americas,1997,72.146,67.46771379962101
Venezuela,Americas,2002,72.766,68.29540133941238
Venezuela,Americas,2007,73.747,69.07864090574972
Vietnam,Asia,1952,40.412,40.412
Vietnam,Asia,1957,42.887,41.711138341101524
Vietnam,Asia,1962,45.363,43.09722008265986
Vietnam,Asia,1967,47.838,44.55310960480643
Vietnam,Asia,1972,50.254,46.02326832921763
Vietnam,Asia,1977,55.764,48.22374499802748
Vietnam,Asia,1982,58.816,50.348818308409804
Vietnam,Asia,1987,62.82,52.6353839547
Vietnam,Asia,1992,67.662,55.18255779730311
Vietnam,Asia,1997,70.672,57.593180672515665
Vietnam,Asia,2002,73.017,59.78419049922344
Vietnam,Asia,2007,74.249,61.66760635015775
West Bank and Gaza,Asia,1952,43.16,43.16
West Bank and Gaza,Asia,1957,45.671,44.43931538573572
West Bank and Gaza,Asia,1962,48.127,45.731348990061704
West Bank and Gaza,Asia,1967,51.631,47.27155253434363
West Bank and Gaza,Asia,1972,56.532,49.11737190795493
West Bank and Gaza,Asia,1977,60.765,51.300770324061524
West Bank and Gaza,Asia,1982,64.406,53.59264684491606
West Bank and Gaza,Asia,1987,67.046,55.90382019134865
West Bank and Gaza,Asia,1992,69.718,58.33707921336457
West Bank and Gaza,Asia,1997,71.096,60.77744462784277
West Bank and Gaza,Asia,2002,72.37,62.94061487086171
West Bank and Gaza,Asia,2007,73.422,64.83923802604828
"Yemen, Rep.",Asia,1952,32.548,32.548
"Yemen, Rep.",Asia,1957,33.97,33.295308785319406
"Yemen, Rep.",Asia,1962,35.18,33.99091021420817
"Yemen, Rep.",Asia,1967,36.984,34.855977346273185
"Yemen, Rep.",Asia,1972,39.848,36.059246290480985
"Yemen, Rep.",Asia,1977,44.175,37.80210351043917
"Yemen, Rep.",Asia,1982,49.113,40.04094407030344
"Yemen, Rep.",Asia,1987,52.922,42.44912604369533
"Yemen, Rep.",Asia,1992,55.599,44.84474253810757
"Yemen, Rep.",Asia,1997,58.02,47.182251273797604
"Yemen, Rep.",Asia,2002,60.308,49.457071289568226
"Yemen, Rep.",Asia,2007,62.698,51.717353671653356
Zambia,Africa,1952,42.038,42.038
Zambia,Africa,1957,44.077,43.11915752461322
Zambia,Africa,1962,46.023,44.20973224283676
Zambia,Africa,1967,47.768,45.27647405642248
Zambia,Africa,1972,50.107,46.51930208883025
Zambia,Africa,1977,51.386,47.63611189432259
Zambia,Africa,1982,51.821,48.52155580048788
Zambia,Africa,1987,50.821,48.98472036595627
Zambia,Africa,1992,46.1,48.44123929109149
Zambia,Africa,1997,40.238,47.00801269925029
Zambia,Africa,2002,39.193,45.72418507867868
Zambia,Africa,2007,42.384,45.20961242143127
Zimbabwe,Africa,1952,48.451,48.451
Zimbabwe,Africa,1957,50.469,49.544807633345414
Zimbabwe,Africa,1962,52.358,50.63832084111352
Zimbabwe,Africa,1967,53.995,51.68629756446942
Zimbabwe,Africa,1972,55.635,52.74495434084042
Zimbabwe,Africa,1977,57.674,53.89355252513739
Zimbabwe,Africa,1982,60.363,55.26056534968654
Zimbabwe,Africa,1987,62.351,56.70133496160063
Zimbabwe,Africa,1992,60.377,57.40317066037727
Zimbabwe,Africa,1997,46.809,55.612251266036125
Zimbabwe,Africa,2002,39.989,53.26528136538172
Zimbabwe,Africa,2007,43.487,51.95255395476161
